{
    "r2_score": 0.6849481571841294,
    "mean_squared_error": 0.6323258540756879,
    "mean_absolute_error": 0.5703168632057578
}